"class","name","C","U","R"
"javax.swing.JTextField","jTextName",,,"R"
"javax.swing.JTextField","jTextCcode","R","R","R"
"javax.swing.JTextField","jTextShort",,,"R"
"javax.swing.JTextField","jTextTel",,,"R"
"javax.swing.JTextField","jTextCat","R","R","R"
"javax.swing.JTextField","jTextVersion","R","R","R"
"javax.swing.JButton","jB_Save",,,"D"
"javax.swing.JButton","jB_Enter","D","D","D"
"javax.swing.JMenuItem","jMenuDisplay","D",,"D"
"javax.swing.JMenuItem","jMenuUpdate","D","D",
"javax.swing.JMenuItem","jMenuCreate","D",,
javax.swing.JButton,jB_Delete,"D",,"D"
