<?xml version="1.0"?>
<!DOCTYPE database SYSTEM "http://db.apache.org/torque/dtd/database_3_1.dtd">
<!-- Autogenerated by JDBCToXMLSchema! -->
<database name="">
    <table name="vendor">
        <column autoIncrement="true"
            default="nextval('vendor_id_seq'::regclass)" name="id"
            primaryKey="true" required="true" type="INTEGER"/>
        <column name="vcode" required="true" size="5" type="CHAR"/>
        <column name="shortname" required="true" size="20" type="VARCHAR"/>
        <column name="name" required="true" size="60" type="VARCHAR"/>
        <column name="telephone" size="15" type="VARCHAR"/>
        <column default="0" name="versionno" required="true" type="INTEGER"/>
    </table>
</database>
